Date,Open,High,Low,Close,Volume,Ticker,avg_sentiment_score,avg_sentiment_numeric,article_count
2022-06-03,144.4165336112239,145.46845161750497,142.01779633681872,142.9222412109375,88570300,AAPL,0.8934103548526764,-0.5,12.0
2022-06-06,144.54432571599315,146.0582990450465,142.45033046254792,143.66937255859375,71598400,AAPL,0.8569817137718201,0.2,25.0
2022-06-07,141.9096321913101,146.48101352584723,141.66385867868283,146.1959228515625,67808200,AAPL,0.8454391820864244,0.0,22.0
2022-06-08,146.06814706425965,147.33633206027957,144.9670862924701,145.45863342285156,53950200,AAPL,0.8809458819719461,0.1538461538461538,26.0
2022-06-09,144.5935179486459,145.44880522785593,140.12043568225835,140.22857666015625,69473000,AAPL,0.863810517169811,-0.1111111111111111,27.0
2022-06-10,137.90847835562724,138.38035945755297,134.74291325358388,134.81173706054688,91437900,AAPL,0.8632165217399597,-0.12,25.0
2022-06-13,130.6237513157455,132.9143631237499,129.21793348983346,129.65049743652344,122207100,AAPL,0.8493002290311067,-0.3478260869565217,23.0
2022-06-14,130.8793342743823,131.62648045825296,129.25721986088914,130.5155792236328,84784300,AAPL,0.78040502137608,0.1666666666666666,18.0
2022-06-15,132.01973022353556,135.01817091312645,129.9257495131237,133.1404571533203,91533000,AAPL,0.8643049408089031,-0.0909090909090909,22.0
2022-06-16,129.84712990963845,130.15188681987743,126.8585140784258,127.86127471923828,108123900,AAPL,0.8603789433836937,-0.375,16.0
2022-06-17,127.87107564040532,130.83018391739205,127.61546153618984,129.33587646484375,134520300,AAPL,0.8166980124436892,0.3461538461538461,26.0
2022-06-21,131.1644503344464,134.74291327638406,131.06614989697803,133.57302856445312,81000500,AAPL,0.8876287025563857,0.1764705882352941,17.0
2022-06-22,132.51128316690097,135.43107463782408,131.64617032424826,133.06182861328125,73409200,AAPL,0.8833329193294048,0.1875,16.0
2022-06-23,134.50695054622625,136.2470164136777,133.33706609243566,135.93243408203125,72433800,AAPL,0.8047117292881012,-0.0416666666666666,24.0
2022-06-24,137.53489628676303,139.51092556990343,137.4071042192977,139.26515197753906,89116800,AAPL,0.8370571322739124,0.0,16.0
2022-06-27,140.28756352140977,141.06421647374572,138.5868144624807,139.26515197753906,70207900,AAPL,0.8440919234639123,0.0476190476190476,21.0
2022-06-28,139.72716879272002,140.99535357735834,134.99848858676108,135.116455078125,67083400,AAPL,0.8442171027785853,-0.2631578947368421,19.0
2022-06-29,135.1361545226192,138.29187895229046,134.35950159386607,136.876220703125,66242400,AAPL,0.8683545667192211,-0.3043478260869565,23.0
2022-06-30,134.9297150126528,136.0307760106686,131.50855048251,134.40867614746094,98964500,AAPL,0.8890587790258999,-0.3793103448275862,29.0
2022-07-01,133.7401565905966,136.6894398129789,133.36659091632603,136.581298828125,71051600,AAPL,0.7858972450097402,0.1666666666666666,18.0
2022-07-05,135.44090360755794,139.2159820551499,134.6150930089742,139.1668243408203,73353800,AAPL,0.7084383531050249,0.0909090909090909,11.0
2022-07-06,138.96037976700046,141.68354006887108,138.69494011634768,140.5038299560547,74064300,AAPL,0.7967811040580273,-0.0625,16.0
2022-07-07,140.86755844211166,144.07245506921953,140.85773290060996,143.87583923339844,66253700,AAPL,0.8414602652192116,0.1875,16.0
2022-07-08,142.8042772492725,145.0555716697527,142.54867812328092,144.55418395996094,64547800,AAPL,0.7672172089417776,-0.5,6.0
2022-07-11,143.20734636825597,144.1609490492264,141.34929872199135,142.42086791992188,63141600,AAPL,0.7811495165030161,-0.1666666666666666,12.0
2022-07-12,143.2958190916168,145.94034514627222,142.597830542374,143.39413452148438,77588800,AAPL,0.8602883167888807,-0.0434782608695652,23.0
2022-07-13,140.57265975093034,143.97415763799123,139.7173575069719,143.0303955078125,71185600,AAPL,0.7733069780994865,0.1176470588235294,17.0
2022-07-14,141.64422349086814,146.4318877608006,140.82825345087886,145.9600067138672,78140700,AAPL,0.792508400004843,0.0434782608695652,23.0
2022-07-15,147.24784996064128,148.30959351033036,145.6945593046606,147.63125610351562,76259900,AAPL,0.7882322650402784,0.0625,16.0
2022-07-18,148.19163331287257,149.00760334414767,144.2199241245172,144.58367919921875,81420900,AAPL,0.8624121132104293,-0.2608695652173913,23.0
2022-07-19,145.41933284394,148.67337315386493,144.4264128251581,148.447265625,82982400,AAPL,0.8391760909243634,-0.0263157894736842,38.0
2022-07-20,148.56523442842325,151.12128610103343,147.8279135614201,150.45277404785156,64823400,AAPL,0.8544180547749555,0.1851851851851851,27.0
2022-07-21,151.88808810670997,152.9400063380094,149.37136878805202,152.72372436523438,65086600,AAPL,0.8457792831791772,0.0555555555555555,18.0
2022-07-22,152.76299545520004,153.6379486262537,150.81647328829465,151.48497009277344,66675400,AAPL,0.8956747826407937,-0.1764705882352941,34.0
2022-07-25,151.40636601369852,152.41895206482627,149.70561686969222,150.36428833007812,53623900,AAPL,0.8942987653944228,0.0,36.0
2022-07-26,149.68594024499822,150.50191035513055,148.25063089528444,149.037109375,55138700,AAPL,0.8431638330221176,0.125,16.0
2022-07-27,150.00056935233562,154.670268499492,149.58767143837116,154.13938903808594,78620700,AAPL,0.8579489744227865,0.0869565217391304,23.0
2022-07-28,154.32612531182656,154.97497109241723,151.79958098557822,154.68988037109375,81378700,AAPL,0.8472487207721261,0.2058823529411764,34.0
2022-07-29,158.51411543428287,160.8637099904221,156.80352611275504,159.76263427734375,101786900,AAPL,0.8445957655969419,0.4210526315789473,38.0
2022-08-01,158.28800912044616,160.82439423501998,158.17004260375904,158.77955627441406,67829400,AAPL,0.8421904908286201,0.0,18.0
2022-08-02,157.39339100369006,159.66433625726012,156.93133551910432,157.30490112304688,59907000,AAPL,0.8511094017462297,-0.0909090909090909,11.0
2022-08-03,158.12087978749662,163.77367187577843,158.0324049028353,163.3214569091797,82507500,AAPL,0.8553081139922142,0.5,20.0
2022-08-04,163.2034670413035,164.36352602829535,161.65017636428277,163.00685119628906,55474100,AAPL,0.7892399304791501,0.0526315789473684,19.0
2022-08-05,160.673712879285,163.27268651132164,160.46696968304354,162.78045654296875,56697000,AAPL,0.8614828373704638,-0.2857142857142857,7.0
2022-08-08,163.7845816314674,165.20220622926757,161.64830554399492,162.30789184570312,60276900,AAPL,0.8738178660472234,0.1666666666666666,12.0
2022-08-09,161.47112401818703,163.2431549194952,160.71308565619225,162.3571319580078,63135500,AAPL,0.8685084996016129,-0.1739130434782608,23.0
2022-08-10,165.07421541409994,166.7084223205678,164.30633795620102,166.6099853515625,70170500,AAPL,0.8643217831850052,0.4583333333333333,24.0
2022-08-11,167.4172371966445,168.33279265478845,165.57630211146738,165.87164306640625,57149200,AAPL,0.8138367633024851,0.25,12.0
2022-08-12,167.18093986017976,169.49441095392513,166.76745360076353,169.42550659179688,68039400,AAPL,0.8879760733017554,0.4615384615384615,13.0
2022-08-15,168.85455011811328,170.6954851482581,168.68719375370597,170.49859619140625,54091700,AAPL,0.8626171863741345,-0.1111111111111111,18.0
2022-08-16,170.09497999617207,171.01053551269388,168.992389717206,170.34109497070312,56377100,AAPL,0.8309852831503924,0.0588235294117647,17.0
2022-08-17,170.0851412165275,173.4126054655057,169.88825224075944,171.8374786376953,79542000,AAPL,0.890493610075542,0.0,14.0
2022-08-18,171.049901871482,172.18202470973495,170.42968734841074,171.4436798095703,62290100,AAPL,0.8264955373910757,0.3846153846153846,13.0
2022-08-19,170.34109754225454,171.04007069000778,168.64782529018512,168.8545684814453,70346300,AAPL,0.8573714362250434,-0.0555555555555555,18.0
2022-08-22,167.05302333761028,167.22037973855075,164.54264728016773,164.96597290039062,69026800,AAPL,0.8472191340783063,-0.3529411764705882,17.0
2022-08-23,164.4835473638596,166.0882216660332,164.06022183299058,164.63121032714844,54147100,AAPL,0.794930941180179,-0.2105263157894736,19.0
2022-08-24,164.7198312893935,165.4975479706951,163.6664520268514,164.9265594482422,53841500,AAPL,0.7844660331805547,0.0,12.0
2022-08-25,166.15715087983543,167.49601702656614,165.73384030735204,167.38772583007812,51218200,AAPL,0.880596182176045,0.0,14.0
2022-08-26,167.91930837052172,168.3918448489658,161.0182358432931,161.07730102539062,78961000,AAPL,0.7985018908977508,0.15,20.0
2022-08-29,158.64567953529183,160.36848406338322,157.33636131300617,158.8721160888672,73314000,AAPL,0.8328503121932348,-0.2083333333333333,24.0
2022-08-30,159.61045208119634,160.03376253148994,155.26898130471807,156.44049072265625,77906200,AAPL,0.8163256206010517,-0.1578947368421052,19.0
2022-08-31,157.8187409544185,158.08454929439134,154.6980053329991,154.77676391601562,87991100,AAPL,0.883506391197443,0.125,16.0
2022-09-01,154.20577023890877,155.95810734217315,152.26638338501562,155.50526428222656,74229900,AAPL,0.8843640718195174,-0.1111111111111111,18.0
2022-09-02,157.26744570942157,157.86796676025835,152.56172928679763,153.388671875,76957800,AAPL,0.8002217968304952,0.0,15.0
2022-09-06,154.03844040820118,154.64880073393255,151.30164311185823,152.1285858154297,73714800,AAPL,0.8573257327079773,-0.2857142857142857,21.0
2022-09-07,152.41407808901712,154.2353197614945,151.22287508520006,153.53636169433594,87449600,AAPL,0.7903734648227692,0.24,25.0
2022-09-08,152.23685741248187,153.93012940950055,150.30730966413597,152.05966186523438,84923800,AAPL,0.8278998949310996,-0.1363636363636363,22.0
2022-09-09,153.05400095933032,155.36748802177215,152.34518854112125,154.92446899414062,68028800,AAPL,0.8308768996170589,0.238095238095238,21.0
2022-09-12,157.10995164172124,161.7073775664421,156.82446488060694,160.89027404785156,104956000,AAPL,0.8418417658124652,-0.2142857142857142,14.0
2022-09-13,157.41513500718565,158.0451887543499,150.98661293916587,151.44931030273438,122656600,AAPL,0.8376310238471398,0.1153846153846153,26.0
2022-09-14,152.38451533184278,154.65862993133453,151.22286005828988,152.8964385986328,87965400,AAPL,0.8283874656145389,0.0384615384615384,26.0
2022-09-15,152.24671887947383,152.82756164210238,149.0275457934619,150.0021514892578,90481100,AAPL,0.8382820983727773,-0.2777777777777778,18.0
2022-09-16,148.86017738849526,148.99800116372188,146.06430005699622,148.35809326171875,162278800,AAPL,0.8279667437076569,0.2,10.0
2022-09-19,146.98967559142943,152.15808902303615,146.7829474662964,152.07933044433594,81474200,AAPL,0.8584842927315656,-0.2941176470588235,17.0
2022-09-20,151.0161367015711,155.6234166633189,150.7011173572486,154.4617462158203,107689800,AAPL,0.7728113437953749,0.0526315789473684,19.0
2022-09-21,154.8949011643533,156.27315389590652,151.21303113007994,151.33116149902344,101696800,AAPL,0.8316951046387354,0.0,12.0
2022-09-22,150.0120183626199,152.06953614035308,148.56486097289033,150.36642456054688,86652500,AAPL,0.8392500834805625,0.0476190476190476,21.0
2022-09-23,148.84048424162157,149.11613179254852,146.25135007934554,148.09228515625,96029900,AAPL,0.9192617899841732,-0.3333333333333333,18.0
2022-09-26,147.33428131353384,151.38041235260212,147.31458790825445,148.42703247070312,93339400,AAPL,0.8806818624337515,0.0416666666666666,24.0
2022-09-27,150.3664080888261,152.315634453065,147.619756600354,149.40162658691406,84442700,AAPL,0.8213355727493763,-0.0833333333333333,24.0
2022-09-28,145.34566573388943,148.29904557000611,142.58917488251384,147.511474609375,146691400,AAPL,0.8370794769790437,-0.5277777777777778,36.0
2022-09-29,143.8295935811918,144.4399538960587,138.49380784574632,140.26583862304688,128138200,AAPL,0.8483410588017216,-0.4074074074074074,27.0
2022-09-30,139.0844911492741,140.8762153477741,135.85546393289223,136.05235290527344,124925300,AAPL,0.8142855366071066,-0.2666666666666666,15.0
2022-10-03,136.0621976067289,140.84667290730152,135.55027429699052,140.23629760742188,114311700,AAPL,0.7900830166680473,-0.0952380952380952,21.0
2022-10-04,142.77621059568105,143.9477202186119,142.01817230643195,143.82958984375,87830100,AAPL,0.8617553764155933,0.3928571428571428,28.0
2022-10-05,141.83113033653302,145.08968986509632,140.7875903322469,144.12490844726562,79471000,AAPL,0.8576420421401659,-0.1666666666666666,24.0
2022-10-06,143.54408244476417,145.24719370943012,142.96325476225735,143.16998291015625,68402200,AAPL,0.8175436173166547,0.0714285714285714,14.0
2022-10-07,140.32490279514894,140.8762129387206,137.28292541213156,137.91297912597656,85925600,AAPL,0.8523946166038513,-0.2,15.0
2022-10-10,138.23785400390625,139.68501122355408,136.41661224606074,138.23785400390625,74899000,AAPL,0.8572896470626196,-0.4166666666666667,12.0
2022-10-11,137.7259068150969,139.15338540565426,136.07202171996315,136.82020568847656,77033700,AAPL,0.845323383808136,-0.5714285714285714,14.0
2022-10-12,136.9679019716922,138.17878336551573,136.01297472776957,136.19017028808594,70433700,AAPL,0.8241251391523025,0.4117647058823529,17.0
2022-10-13,132.89224973345455,141.35859601492572,132.28187436958524,140.76792907714844,113224000,AAPL,0.8469010246427435,0.4210526315789473,19.0
2022-10-14,142.06737676893815,142.274119915274,136.04248821757835,136.2295379638672,88598000,AAPL,0.8973769816485319,0.0909090909090909,11.0
2022-10-17,138.8777573464222,140.67930564113678,138.09018646721276,140.19692993164062,85250900,AAPL,0.8029967987019083,0.391304347826087,23.0
2022-10-18,143.22907894720203,144.42026703642762,138.4249097380949,141.51611328125,99136600,AAPL,0.8807366354898973,0.1363636363636363,22.0
2022-10-19,139.488113651557,142.69744724205523,139.3010638831592,141.6243896484375,61758300,AAPL,0.7978502164284388,0.0833333333333333,12.0
2022-10-20,140.7974520498777,143.6228470143876,140.43319169039492,141.1616973876953,64522000,AAPL,0.8485491956983294,-0.4285714285714285,14.0
2022-10-21,140.6497821885837,145.5524033439164,140.43319980718348,144.98141479492188,86548600,AAPL,0.8771622091531753,0.05,20.0
2022-10-24,144.90265893368223,147.89541049964913,143.73114921809554,147.12753295898438,75981900,AAPL,0.8477176220520682,0.5652173913043478,23.0
2022-10-25,147.7575758033074,150.12028846465364,147.03892431633474,149.9726104736328,74732300,AAPL,0.8706641043386152,-0.1612903225806451,31.0
2022-10-26,148.61404877344168,149.62804110263616,145.73941311718505,147.02906799316406,88194300,AAPL,0.8870286643505096,-0.375,24.0
2022-10-27,145.76899295091448,146.73375950209572,141.89021831932843,142.5498046875,109180200,AAPL,0.889643215081271,-0.0294117647058823,34.0
2022-10-28,145.89692843507157,155.05240689410368,145.52284395380414,153.31976318359375,164762400,AAPL,0.8952403883139293,-0.1333333333333333,30.0
2022-10-31,150.77989669615485,151.84311529516543,149.55916089247586,150.95709228515625,97943200,AAPL,0.8589288663864135,-0.4,25.0
2022-11-01,152.6700490040681,153.03429437423398,146.8125153766711,148.3088836669922,80379300,AAPL,0.844078371158013,-0.3846153846153846,13.0
2022-11-02,146.63531118174276,149.80527352264477,142.74669726069857,142.77622985839844,93604600,AAPL,0.8334082702795664,-0.2,15.0
2022-11-03,139.85234595133585,140.5808515547038,136.59378666921566,136.72177124023438,97918500,AAPL,0.8317234610256395,-0.2631578947368421,19.0
2022-11-04,140.11393200286335,140.68586767189302,132.51116441667403,136.45553588867188,140814800,AAPL,0.7887613475322723,-0.2857142857142857,14.0
2022-11-07,135.20318107527018,137.2148037171603,133.78320507083873,136.98800659179688,83374600,AAPL,0.8523554958795246,-0.2631578947368421,19.0
2022-11-08,138.457315240062,139.46311921929427,135.57792562085092,137.55996704101562,89908500,AAPL,0.8406723817189534,0.0,15.0
2022-11-09,136.57387654941147,136.6231842073022,132.71824941976038,132.99435424804688,74917800,AAPL,0.9123870879411696,-0.5,20.0
2022-11-10,139.27576104009148,144.82745361328125,137.55995404597397,144.82745361328125,118854000,AAPL,0.8891820094802163,0.0454545454545454,22.0
2022-11-11,143.7920579720531,147.92377412623946,142.36221138817493,147.6180877685547,93979700,AAPL,0.8517722288767496,-0.0476190476190476,21.0
2022-11-14,146.898256219997,148.19003547375948,145.37966477232854,146.2178497314453,73374100,AAPL,0.8351733123554903,-0.2352941176470588,17.0
2022-11-15,150.10307492440734,151.45401749484597,146.49397099909157,147.95338439941406,89868300,AAPL,0.8141800587375959,-0.1666666666666666,12.0
2022-11-16,147.05606249393267,147.78576172673738,145.241639832554,146.7207794189453,64218300,AAPL,0.8900434374809265,0.5,12.0
2022-11-17,144.39359949187033,149.3733724520642,144.11749463891493,148.6239471435547,80389400,AAPL,0.8658167878786723,-0.2,15.0
2022-11-18,150.19182372040734,150.5763993918672,147.88436969164823,149.18600463867188,74829600,AAPL,0.8549494333565235,-0.125,16.0
2022-11-21,148.07172328326632,148.27879437989566,145.66565404043791,145.9516143798828,58724100,AAPL,0.8740296526388689,-0.0909090909090909,11.0
2022-11-22,146.06993712168023,148.32808310350964,144.8866136770819,148.09141540527344,51804100,AAPL,0.8199719316080997,-0.1578947368421052,19.0
2022-11-23,147.3715896104273,149.71849566611712,147.26311878314957,148.9690704345703,58301400,AAPL,0.8857784196734428,-0.0625,16.0
2022-11-25,146.24741696157628,146.80949706533488,145.07396415260516,146.05020141601562,35195900,AAPL,0.874320013821125,-0.3,20.0
2022-11-28,143.12154400613,144.6006835742159,141.3860256630134,142.21434020996094,69246000,AAPL,0.9031609268859028,-0.71875,32.0
2022-11-29,142.28334655275705,142.79611910491008,138.39815293017466,139.2067413330078,83763800,AAPL,0.9164258337020874,-0.4,25.0
2022-11-30,139.4335135097931,146.65171990434524,138.59534367211867,145.9713134765625,111380900,AAPL,0.8246407237919894,-0.1818181818181818,22.0
2022-12-01,146.1488515092609,147.05605527210508,144.5710966759583,146.24745178222656,71250400,AAPL,0.8648202919960022,-0.24,25.0
2022-12-02,143.9301617623625,145.94178515343853,143.6244602489213,145.75442504882812,65447400,AAPL,0.8796311280001765,-0.217391304347826,23.0
2022-12-05,145.7149657221435,148.82115263004172,143.7427797370437,144.5908203125,68826400,AAPL,0.8805596470832825,-0.2666666666666666,15.0
2022-12-06,145.0246809463006,145.2514780860589,139.94629380127552,140.9225311279297,64727200,AAPL,0.8355692060370195,-0.1578947368421052,19.0
2022-12-07,140.21256620226913,141.37614872094412,138.05302012289312,138.97994995117188,69721100,AAPL,0.9008873784542084,-0.64,25.0
2022-12-08,140.38019261979954,141.5240640501762,139.13772092261513,140.66615295410156,62128300,AAPL,0.811982266280962,0.0434782608695652,23.0
2022-12-09,140.36048819280174,143.54557973820909,138.94051172185388,140.18299865722656,76097000,AAPL,0.9247193270259432,-0.1111111111111111,9.0
2022-12-12,140.71546075742316,142.4904310742392,139.09826892356506,142.48057556152344,70462700,AAPL,0.7977383045049814,0.2307692307692307,13.0
2022-12-13,147.42088296434414,147.88434781351052,142.2340399236394,143.44692993164062,93886200,AAPL,0.8234135210514069,0.4,10.0
2022-12-14,143.3286067000526,144.62038597056736,139.19687510886934,141.21836853027344,82291200,AAPL,0.8543273061513901,-0.0833333333333333,12.0
2022-12-15,139.147557792699,139.82796424282577,134.1382044845264,134.60166931152344,98931900,AAPL,0.8777887052611301,-0.4736842105263157,19.0
2022-12-16,134.7890179835338,135.73565858044236,131.87017687547362,132.6393280029297,160156900,AAPL,0.8295700391133626,-0.2,15.0
2022-12-19,133.23099818687768,133.31974292728304,129.49371311284926,130.5290985107422,79592600,AAPL,0.916358720511198,-0.5,16.0
2022-12-20,129.5627349310346,131.3968681768677,128.08359570202674,130.4600830078125,77432800,AAPL,0.8967554785988547,-0.2727272727272727,11.0
2022-12-21,131.1306634032082,134.90740198854184,130.90386619083728,133.56631469726562,85928000,AAPL,0.8709266952105931,-0.3571428571428571,14.0
2022-12-22,132.48161030905115,132.68868142818795,128.48793035610765,130.39108276367188,77852100,AAPL,0.837444394826889,-0.125,16.0
2022-12-23,129.09931513621305,130.57845488119247,127.83711709089096,130.0262451171875,63814900,AAPL,0.8605895638465881,-0.2307692307692307,13.0
2022-12-27,129.552926757453,129.5825083491155,126.92991528840034,128.22169494628906,69007800,AAPL,0.8903278055645171,-0.1428571428571428,21.0
2022-12-28,127.86666981780208,129.20775681904706,124.1195211570346,124.2871551513672,85438400,AAPL,0.8810252059589733,-0.3181818181818182,22.0
2022-12-29,126.210059659139,128.66542948633423,125.9536808579319,127.80753326416016,75703700,AAPL,0.8140200461660113,0.4761904761904761,21.0
2022-12-30,126.62421153870504,128.14278820773606,125.6578370442106,128.12306213378906,77034200,AAPL,0.8920456333593889,-0.1818181818181818,22.0
2023-01-03,128.46817007852962,129.07954280580168,122.44314240777942,123.33062744140624,112117500,AAPL,0.8831727114217035,-0.3448275862068966,29.0
2023-01-04,125.12534263515172,126.87073149260826,123.3405166774151,124.60271453857422,89113600,AAPL,0.8258335888385773,0.0454545454545454,22.0
2023-01-05,125.36199059273537,125.99308946159266,123.02495518012978,123.28133392333984,80962700,AAPL,0.8166661630658543,-0.0588235294117647,17.0
2023-01-06,124.25758622586784,128.47805571510713,123.15315931135854,127.81737518310548,87754700,AAPL,0.848012783948113,0.0,17.0
2023-01-09,128.65552272372005,131.55463782580617,128.08358712122987,128.3399658203125,70790800,AAPL,0.8697545873491388,0.1052631578947368,19.0
2023-01-10,128.44846138243565,129.43455432577363,126.33822308555574,128.91192626953125,63896200,AAPL,0.8452594876289368,-0.1,20.0
2023-01-11,129.42470644063985,131.65327120715185,128.64569958998982,131.63356018066406,69458900,AAPL,0.8686846494674683,0.1578947368421052,19.0
2023-01-12,132.0181218476768,132.3928269168101,129.61205277186403,131.55465698242188,71379600,AAPL,0.8429844835225273,0.2941176470588235,17.0
2023-01-13,130.19384999657817,133.04365799858422,129.82900042275443,132.88587951660156,57809700,AAPL,0.8315810433455876,0.1428571428571428,14.0
2023-01-17,132.95495069414824,135.38073158991477,132.26468844927925,134.0495147705078,63646600,AAPL,0.8629095168674693,0.0588235294117647,17.0
2023-01-18,134.91726132660978,136.682361304903,133.15214630173037,133.32965087890625,69672800,AAPL,0.8314015313982963,-0.25,20.0
2023-01-19,132.21534095915428,134.35516079708475,131.90965456039046,133.3887939453125,58280400,AAPL,0.8312151502160465,-0.1764705882352941,17.0
2023-01-20,133.3986594670003,136.10055969629155,132.3534032973474,135.95263671875,80223600,AAPL,0.8724583122465346,-0.2222222222222222,18.0
2023-01-23,136.19914460303502,141.32683964763805,135.9822029643826,139.14756774902344,81760300,AAPL,0.8001819849014282,0.04,25.0
2023-01-24,138.35866354207675,141.1690337397137,138.34880803190185,140.54779052734375,66435100,AAPL,0.8599841230445437,-0.1111111111111111,18.0
2023-01-25,138.93063463423644,140.44921115138996,136.87955949987148,139.88714599609375,65799300,AAPL,0.8573611875375112,-0.5555555555555556,18.0
2023-01-26,141.17895527594047,142.2439376895358,139.92661275533473,141.95797729492188,54105100,AAPL,0.8764771251451402,-0.0476190476190476,21.0
2023-01-27,141.16907645645273,145.18246711281154,141.09018721144076,143.90054321289062,70555800,AAPL,0.9140217559678214,0.2142857142857142,14.0
2023-01-30,142.94402483372846,143.52581599866485,140.86336833761902,141.0112762451172,64015300,AAPL,0.8569340536991755,-0.1666666666666666,30.0
2023-01-31,140.71545632636276,142.3326481092963,140.301299106578,142.28334045410156,65874500,AAPL,0.8677834993408572,-0.1612903225806451,31.0
2023-02-01,141.96778362091698,144.57106804774983,139.35464368271474,143.407470703125,77663600,AAPL,0.8809038661420345,-0.0833333333333333,24.0
2023-02-02,146.82925275349945,149.07754375931228,146.10940902226113,148.72256469726562,118339000,AAPL,0.8779600974586275,-0.1111111111111111,36.0
2023-02-03,145.97135602457382,155.1913322525213,145.7741404197881,152.35137939453125,154357300,AAPL,0.9070460854507074,-0.3902439024390244,41.0
2023-02-06,150.44820252682044,150.97083056548323,148.68308779153134,149.619873046875,69858300,AAPL,0.8267494750022888,0.08,25.0
2023-02-07,148.54504029445562,153.07120329051187,148.54504029445562,152.499267578125,83322600,AAPL,0.855093487434917,-0.1666666666666666,18.0
2023-02-08,151.73998447588093,152.4302465157107,149.0676660222592,149.80723571777344,64120100,AAPL,0.8478107191622257,-0.1875,16.0
2023-02-09,151.64136936063508,152.1837234806971,148.32809651858278,148.77183532714844,56007100,AAPL,0.8746815408979144,-0.0714285714285714,14.0
2023-02-10,147.60648709847575,149.46316214008027,147.3694580195322,149.1372528076172,57450700,AAPL,0.8612952848275502,-0.2,15.0
2023-02-13,149.07798723256394,152.34693578344766,149.04836048379,151.94203186035156,62199000,AAPL,0.8324314713478088,-0.0666666666666666,15.0
2023-02-14,150.23350151506878,151.86304832604316,148.98913264360064,151.30010986328125,61707600,AAPL,0.8404640835874221,-0.1764705882352941,17.0
2023-02-15,151.21121650909475,153.57157647071767,150.98407305919312,153.4036865234375,65573800,AAPL,0.8946639736493428,-0.0666666666666666,15.0
2023-02-16,151.60624021713144,154.39127521881363,151.44823591009165,151.80377197265625,68167900,AAPL,0.8803911937607659,-0.1111111111111111,9.0
2023-02-17,150.4606711359706,151.1026042766419,148.97927305482702,150.65818786621094,59144100,AAPL,0.8773184831325824,-0.2307692307692307,13.0
2023-02-21,148.33731221810694,149.4236767462983,146.56951728902385,146.63864135742188,58867200,AAPL,0.8597897430260976,-0.2666666666666666,15.0
2023-02-22,147.02381158820887,148.09041997762213,145.33502627380787,147.06332397460938,51011300,AAPL,0.827543760339419,0.0,12.0
2023-02-23,148.22867140254277,148.47557105445037,145.41402441253163,147.54722595214844,48394200,AAPL,0.8530641513712266,0.1176470588235294,17.0
2023-02-24,145.2856278870893,145.3646375819345,143.91286646196608,144.89059448242188,55469600,AAPL,0.8923845026228163,-0.1111111111111111,9.0
2023-02-27,145.87819927591497,147.32008482695682,145.62141398934327,146.08558654785156,44998500,AAPL,0.8293426136175791,-0.2666666666666666,15.0
2023-02-28,145.2263883123522,147.23121241896578,145.0091153980784,145.58192443847656,50547000,AAPL,0.8940183950795068,-0.4444444444444444,18.0
2023-03-01,145.0091193355728,145.40415278885536,143.21168246314858,143.50796508789062,55479000,AAPL,0.8774692008369848,0.0,19.0
2023-03-02,142.5894699520932,144.89057616376812,142.1154118429578,144.10049438476562,52238100,AAPL,0.8668487111727396,-0.4,15.0
2023-03-03,146.20407279147852,149.23600736765022,145.50288630750634,149.15699768066406,70732300,AAPL,0.8469100540334528,0.1818181818181818,22.0
2023-03-06,151.8827898611123,154.3616721188966,151.55689556759242,151.92230224609375,87558000,AAPL,0.7784642210373511,0.0,26.0
2023-03-07,151.79390348554702,152.11981283549997,149.25578289163562,149.71995544433594,56182000,AAPL,0.8454694116816801,0.0588235294117647,17.0
2023-03-08,150.91494388116536,151.5667625921133,149.94710144553787,150.9741973876953,47204800,AAPL,0.8888299465179443,0.0,6.0
2023-03-09,151.65564226284476,152.62348469471294,148.36693703717327,148.72247314453125,53833600,AAPL,0.8756811867157618,-0.1111111111111111,18.0
2023-03-10,148.34717096498875,149.0681136196498,145.7794089470896,146.6583709716797,68572400,AAPL,0.8548591807484627,-0.5,8.0
2023-03-13,145.97692732623966,151.24082897559975,145.86829089184172,148.60394287109375,84457100,AAPL,0.8227270884173257,-0.0714285714285714,14.0
2023-03-14,149.40392576424304,151.49763012479718,148.2385665656885,150.6976776123047,73695900,AAPL,0.835792250931263,0.125,16.0
2023-03-15,149.3150168625453,151.34946732376167,148.06076257128353,151.0926971435547,77167900,AAPL,0.908520206809044,-0.0833333333333333,12.0
2023-03-16,150.27299535550645,154.5196720318581,149.7594399024329,153.917236328125,76161100,AAPL,0.8742905706167221,-0.1666666666666666,12.0
2023-03-17,154.1443669167137,154.79618550631548,152.3666867039617,153.0777587890625,98944600,AAPL,0.8250986842008737,0.0,13.0
2023-03-20,153.14690680049927,155.8628026785515,152.23830291826783,155.447998046875,73641400,AAPL,0.7823318668774196,-0.7142857142857143,7.0
2023-03-21,155.36900288355957,157.4231944974596,154.59866219140062,157.3046875,73938300,AAPL,0.8959002265563378,0.2307692307692307,13.0
2023-03-22,157.32443633451206,160.1292123200188,155.85290921676807,155.87266540527344,75701800,AAPL,0.7908720299601555,0.125,16.0
2023-03-23,156.86026408901787,159.5465330865828,155.72451682640147,156.95901489257812,67622100,AAPL,0.8138204490145048,0.0833333333333333,24.0
2023-03-24,156.88991856429575,158.35156031348998,155.89244937558198,158.26268005371094,59196500,AAPL,0.8704465945561727,0.1333333333333333,15.0
2023-03-27,157.95654089676907,158.77624963861064,155.91220432321953,156.31712341308594,52390300,AAPL,0.8494198848219479,0.0,17.0
2023-03-28,156.01093927220384,156.52449472162644,154.04561279409856,155.6949005126953,45992200,AAPL,0.8760384863073175,-0.2727272727272727,22.0
2023-03-29,157.39359791374972,159.05277154396305,157.37385679009435,158.7762451171875,51305700,AAPL,0.873740820089976,0.0666666666666666,15.0
2023-03-30,159.5267880006936,160.45513302219786,159.27001781009866,160.34649658203125,49501700,AAPL,0.8089901781082154,-0.12,25.0
2023-03-31,160.42552675181378,162.95377687892702,159.90210067407045,162.85501098632812,68749800,AAPL,0.79647361713907,0.1739130434782608,23.0
2023-04-03,162.23282167038158,164.22775993608963,162.18343872786127,164.1092529296875,56976200,AAPL,0.8619868890805678,0.2727272727272727,22.0
2023-04-04,164.5339454319251,164.77095946962157,163.06241797980005,163.5759735107422,46278300,AAPL,0.8326364585331508,-0.1428571428571428,21.0
2023-04-05,162.6969680127728,163.00312110973053,159.79342626688646,161.72911071777344,51511700,AAPL,0.8433325790589855,-0.2258064516129032,31.0
2023-04-06,160.41564039126865,162.91427882271006,159.99098020805553,162.6179962158203,45390100,AAPL,0.8383640249570211,-0.0416666666666666,24.0
2023-04-10,159.41816361866267,160.02059936523438,158.09478511621296,160.02059936523438,47716900,AAPL,0.9095031359921332,-0.217391304347826,23.0
2023-04-11,160.33661250261622,160.34648306196,158.5194199230912,158.8058319091797,47644200,AAPL,0.8415826496325041,0.0,19.0
2023-04-12,159.22065338009935,160.05023261805474,157.7985089324277,158.1145477294922,50133100,AAPL,0.8266778811812401,-0.1875,16.0
2023-04-13,159.62556544083142,163.74384976611952,159.4181631056541,163.50682067871094,68445600,AAPL,0.8675445455771226,0.0769230769230769,26.0
2023-04-14,162.5488571823505,164.2574136863755,161.7884170766324,163.1611785888672,49386500,AAPL,0.8280876874923706,0.0833333333333333,12.0
2023-04-17,163.04264500551295,163.33892759169828,161.99579292794192,163.180908203125,41516200,AAPL,0.9168306171894074,-0.2,20.0
2023-04-18,164.04014141829643,165.33389323571308,163.59570997116356,164.40554809570312,49923000,AAPL,0.8486277295483483,0.4444444444444444,18.0
2023-04-19,163.74384033117565,166.0745734796078,163.4870550672227,165.5511474609375,47720200,AAPL,0.8493254312447139,-0.1428571428571428,14.0
2023-04-20,164.03024493447634,165.78816920558748,163.50681889136789,164.5832977294922,52456400,AAPL,0.8741658955812455,-0.1,20.0
2023-04-21,163.00313749199609,164.38576938158798,162.45008473615934,162.9735107421875,58337300,AAPL,0.8839928082057408,0.3571428571428571,14.0
2023-04-24,162.95376899838274,163.54633418620037,161.85753394961128,163.27967834472656,41949600,AAPL,0.8355897492484042,-0.0526315789473684,19.0
2023-04-25,163.1414017604714,164.2475072794641,161.69950129216383,161.739013671875,48714100,AAPL,0.8873751640319825,-0.05,20.0
2023-04-26,161.03779484245666,163.2302645252869,160.7810246800693,161.72911071777344,45498800,AAPL,0.797797366976738,0.0,20.0
2023-04-27,163.1413887265841,166.46959064736794,163.1413887265841,166.3214569091797,64902300,AAPL,0.8818096183240414,-0.1875,16.0
2023-04-28,166.40045419604542,167.74358857726295,165.7980185897003,167.57568359375,55275900,AAPL,0.8795114755630493,0.0,12.0
2023-05-01,167.18066329991268,168.33615167039042,166.5486008988935,167.48681640625,52472900,AAPL,0.8443456519217718,-0.0476190476190476,21.0
2023-05-02,167.98065584567004,168.2374411469596,165.46227619804043,166.4498748779297,48425700,AAPL,0.9037885383555764,-0.3684210526315789,19.0
2023-05-03,167.39796271242133,168.80035091617836,165.08698560494395,165.37338256835938,65136000,AAPL,0.8811190231986668,-0.0869565217391304,23.0
2023-05-04,162.84514548869322,164.96847661956093,162.2723364468385,163.73397827148438,81235400,AAPL,0.8908756268330109,-0.4358974358974359,39.0
2023-05-05,168.85960390825258,172.13843848392673,168.64233101133158,171.41749572753906,113453200,AAPL,0.8740435415506362,0.54,50.0
2023-05-08,170.34098818753938,171.6940084046762,169.97558155808977,171.3483428955078,55962800,AAPL,0.8824429346455468,0.1111111111111111,18.0
2023-05-09,170.90391054566956,171.38782412964582,169.4718958426143,169.63978576660156,45326900,AAPL,0.8898422465874598,0.0384615384615384,26.0
2023-05-10,170.87431142683658,171.87178057282452,169.76819076413835,171.40760803222656,53724500,AAPL,0.8442889213562011,-0.05,20.0
2023-05-11,171.6940112425966,172.42482451357537,170.03483786854437,171.59524536132812,49514700,AAPL,0.8509473029304954,-0.0588235294117647,17.0
2023-05-12,171.70403494878815,172.13918180226997,169.11295243629542,170.66563415527344,45533100,AAPL,0.8670360508717989,-0.1052631578947368,19.0
2023-05-15,171.249125704419,171.29857695594924,169.5777729993573,170.17115783691406,37266700,AAPL,0.8213599006334941,0.2666666666666666,15.0
2023-05-16,170.09203885254627,171.2293421857262,169.9041331509732,170.17115783691406,42110300,AAPL,0.8611116584609536,0.1764705882352941,17.0
2023-05-17,169.81512066054435,171.02164360752573,168.53934785672587,170.7843017578125,57951600,AAPL,0.8232444524765015,0.2272727272727272,22.0
2023-05-18,171.0908450143771,173.30613075230937,170.6754817679647,173.11822509765625,65496700,AAPL,0.8220480096836885,-0.0416666666666666,24.0
2023-05-19,174.44347306887536,174.44347306887536,173.00947735219142,173.22705078125,55809500,AAPL,0.8403995105853448,-0.2692307692307692,26.0
2023-05-22,172.0600450039918,172.781999977239,171.5358950094103,172.27761840820312,43570900,AAPL,0.8807331437156314,-0.3333333333333333,21.0
2023-05-23,171.2194449613945,171.46668610985583,169.3898544266195,169.66676330566406,50747300,AAPL,0.869736795425415,-0.12,25.0
2023-05-24,169.2019563309073,170.51728111058472,168.63825433413288,169.9436798095703,45143500,AAPL,0.8037455642924589,0.2941176470588235,17.0
2023-05-25,170.50739236656926,171.98093998050487,169.79533663873903,171.08099365234375,56058300,AAPL,0.7996511846780777,0.15,20.0
2023-05-26,171.40734829469508,173.8303084982607,171.19965909306288,173.49404907226562,54835000,AAPL,0.8400947451591492,0.1428571428571428,14.0
2023-05-30,175.00720044696425,177.01479758641247,174.62150481648905,175.34344482421875,55964400,AAPL,0.8083333730697632,0.05,20.0
2023-05-31,175.3731100748192,177.37082297149755,174.80939295881248,175.2939910888672,99625300,AAPL,0.8720402121543884,0.0,17.0
2023-06-01,175.73902088879638,178.1323136072369,174.97751385870967,178.10264587402344,68901800,AAPL,0.8125021295113997,0.1818181818181818,22.0
2023-06-02,179.03224397161875,179.77396735384346,177.28177256425622,178.953125,61996900,AAPL,0.823674037500664,0.1481481481481481,27.0
2023-06-05,180.6146272002442,182.9090174472027,176.0752677783844,177.59828186035156,121946500,AAPL,0.8753077139457067,0.1666666666666666,30.0
2023-06-06,177.98396853821802,178.1323071989488,175.47198988688834,177.23236083984375,64848400,AAPL,0.8156538252477292,0.0,27.0
2023-06-07,176.4708650826228,179.2103015517758,175.36322943750844,175.8577117919922,61944600,AAPL,0.7662708328829871,0.1666666666666666,18.0
2023-06-08,175.93679801452896,178.84435638126445,175.50166626223591,178.5773468017578,50214900,AAPL,0.8235157954692841,0.32,25.0
2023-06-09,179.4970774647442,180.21901740774703,178.63668307937917,178.96304321289062,48900000,AAPL,0.8322766482830047,0.48,25.0
2023-06-12,179.26960009694577,181.8606822718443,178.9729077272824,181.76177978515625,54274900,AAPL,0.8916068402203646,0.0909090909090909,11.0
2023-06-13,180.7827428310429,182.11783606754224,180.42671494989577,181.287109375,54929100,AAPL,0.8414131671190261,0.5,30.0
2023-06-14,181.3464426387383,182.3551908048104,180.0113494184458,181.9200439453125,57462900,AAPL,0.8091642354664049,0.3157894736842105,19.0
2023-06-15,181.9299555739799,184.4617028293976,181.75193407830625,183.9573211669922,65433200,AAPL,0.8950578364042135,0.0769230769230769,26.0
2023-06-16,184.66935702206607,184.92649747799743,182.2365125370702,182.8793334960937,101256200,AAPL,0.8311335765398465,0.2307692307692307,13.0
2023-06-20,182.3749835071632,184.0463362605814,182.3749835071632,182.9683532714844,49799100,AAPL,0.8406639854113261,0.2666666666666666,15.0
2023-06-21,182.85954567430247,183.3639272703552,180.57503989811684,181.929931640625,49515700,AAPL,0.8308646338326591,0.5,14.0
2023-06-22,181.7123518491607,184.98582209518955,181.6431170872681,184.9363708496093,51245300,AAPL,0.8967712308679309,0.2142857142857142,14.0
2023-06-23,183.50241416513845,185.4902278994243,182.9683647443183,184.61993408203125,53117000,AAPL,0.8878455528846154,0.0769230769230769,13.0
2023-06-26,184.76824612936457,185.97478407089304,183.18589683511047,183.2254638671875,48088700,AAPL,0.8323308274149894,0.0,20.0
2023-06-27,183.83864388833905,186.3110555900437,183.6210704513568,185.9846954345703,50730800,AAPL,0.8520766184443519,0.238095238095238,21.0
2023-06-28,185.8561043245189,187.80436573389431,185.5297592960992,187.1615447998047,51216800,AAPL,0.8337483065468925,0.3809523809523809,21.0
2023-06-29,186.9934209820816,187.9725013298976,186.85496654717443,187.497787475586,46347300,AAPL,0.8176426222691169,0.1153846153846153,26.0
2023-06-30,189.51527911897423,192.33381899614628,189.1493519786864,191.82945251464844,85213200,AAPL,0.8481609225273132,0.3939393939393939,33.0
2023-07-03,191.6415459416396,191.7404484310712,189.6438333602496,190.33612060546875,31458200,AAPL,0.8424166459025759,0.1515151515151515,33.0
2023-07-05,189.4559543470025,190.8503829545932,188.51642591121868,189.2185974121093,46920300,AAPL,0.8529958100545973,-0.0952380952380952,21.0
2023-07-06,187.74505196417672,189.90100282202303,187.11211517011608,189.6933135986328,45094300,AAPL,0.8632876545190811,0.05,20.0
2023-07-07,189.29769958287028,190.5437894270152,188.140612922507,188.57574462890625,46815000,AAPL,0.8684932369934885,0.2631578947368421,19.0
2023-07-10,187.1714158596189,187.8933708097929,184.97591346212693,186.52859497070312,59922200,AAPL,0.8215746912691329,-0.1666666666666666,18.0
2023-07-11,187.07255444450544,187.2110088901344,184.54080738706045,186.0044708251953,46638100,AAPL,0.8246598452329635,0.35,20.0
2023-07-12,187.58679348705417,189.584506155405,186.39015480100767,187.67581176757807,60750200,AAPL,0.8508538348334176,0.0,14.0
2023-07-13,188.3977344373199,189.0801223465964,187.68567880071848,188.43728637695312,41342300,AAPL,0.8602655993567573,0.5,18.0
2023-07-14,188.13073248396137,189.0702458401321,187.5373627755177,188.58566284179688,41616200,AAPL,0.7903797796794346,0.2857142857142857,21.0
2023-07-17,189.78228064107432,192.17558799962063,189.6932774581797,191.84922790527344,50520200,AAPL,0.8385537341237068,0.3333333333333333,24.0
2023-07-18,191.21632100425936,192.185502135392,190.296576033276,191.5921173095703,48288200,AAPL,0.8457356237229847,0.0,21.0
2023-07-19,190.9690618542327,196.0424397664868,190.5240157315845,192.94699096679688,80507300,AAPL,0.8311933239301046,0.4,15.0
2023-07-20,192.9370956401489,194.3018715848771,190.3756810082794,190.9987335205078,59581200,AAPL,0.839113195737203,-0.0952380952380952,21.0
2023-07-21,191.9580206367084,192.81841494586592,189.1196821840786,189.8218536376953,71951700,AAPL,0.8309141000111898,-0.0666666666666666,15.0
2023-07-24,191.2756603671028,192.7591073714878,190.12845772868155,190.62294006347656,45377800,AAPL,0.885740180015564,0.32,25.0
2023-07-25,191.1965442835888,192.2942956871053,190.791065141208,191.4833374023437,37283200,AAPL,0.8638273676236471,0.0,18.0
2023-07-26,191.53276478098635,193.48102617402893,191.18663623876355,192.3536071777344,47471900,AAPL,0.8044490177055885,0.1034482758620689,29.0
2023-07-27,193.8568264091685,195.02379728115704,190.4251183711132,191.0877227783203,47460200,AAPL,0.8874905579968503,0.0,19.0
2023-07-28,192.52172755154825,194.4601047134921,191.9975775461535,193.6689300537109,48291400,AAPL,0.8418797725125363,0.1578947368421052,19.0
2023-07-31,193.89642410679463,194.32168679112075,193.1052492983588,194.28211975097656,38824100,AAPL,0.8615155645779201,0.4857142857142857,35.0
2023-08-01,194.074422779809,194.5590057865465,193.12501010327395,193.4513702392578,35175100,AAPL,0.8793643471740541,0.3333333333333333,21.0
2023-08-02,192.88764791924385,193.026102358892,189.7328635379457,190.45480346679688,50389300,AAPL,0.8901373829160418,-0.2142857142857142,28.0
2023-08-03,189.45595867004647,190.247118290272,188.58566497931545,189.06036376953125,61235200,AAPL,0.8959214703032845,-0.2894736842105263,38.0
2023-08-04,183.47270249377223,185.31217710978223,179.9124241755589,179.98165893554688,115956800,AAPL,0.8632157268347563,-0.2962962962962963,54.0
2023-08-07,180.12014578481444,181.10911048561,175.39289572224425,176.8763427734375,97576100,AAPL,0.8825093135237694,-0.2083333333333333,24.0
2023-08-08,177.7070549630004,178.2806562533865,175.6203390114105,177.8158416748047,67823000,AAPL,0.8778761724630991,-0.0555555555555555,18.0
2023-08-09,178.8740046582552,178.93334011391454,175.0566010766963,176.2235870361328,60378500,AAPL,0.8511469791764799,-0.3478260869565217,23.0
2023-08-10,177.49935830249015,178.7553475423464,175.64011515660735,176.0060272216797,54686900,AAPL,0.8795312571525574,-0.08,25.0
2023-08-11,175.60001780962375,176.88739582771854,174.83748251539495,176.06544494628906,52036700,AAPL,0.9254298597574234,-0.3,20.0
2023-08-14,176.24371615843643,177.94703359876078,175.59011444303226,177.71926879882812,43675600,AAPL,0.8111018856366475,0.2666666666666666,15.0
2023-08-15,177.14486608365337,177.73903700795614,175.33261529851168,175.72872924804688,43622600,AAPL,0.890947775407271,-0.2727272727272727,22.0
2023-08-16,175.4118501481314,176.80816171418965,174.78795629022963,174.85728454589844,46964900,AAPL,0.8396756776741573,0.0714285714285714,14.0
2023-08-17,175.42176719468313,175.78817341312092,171.7972650350441,172.31222534179688,66062900,AAPL,0.909718708558516,-0.0454545454545454,22.0
2023-08-18,170.62872552076746,173.4015690710498,170.29202708322546,172.7974853515625,61172200,AAPL,0.873072725534439,-0.3,20.0
2023-08-21,173.37184868637627,174.42156439236868,172.05474771785234,174.13436889648438,46311900,AAPL,0.7957240263621013,0.0,15.0
2023-08-22,175.34253031574917,175.95651153189084,174.54038966607246,175.51087951660156,42038900,AAPL,0.843298327922821,0.3333333333333333,15.0
2023-08-23,176.78838784399545,179.78899610380492,176.6002283968818,179.3631591796875,52722800,AAPL,0.8512324770291646,0.2,30.0
2023-08-24,178.91750900229638,179.3433458832632,174.30270712253693,174.66912841796875,54945800,AAPL,0.8645498815335726,0.0526315789473684,19.0
2023-08-25,175.6594223889941,177.41224254469248,174.1145567754665,176.8774871826172,51449600,AAPL,0.8271312326192856,-0.15,20.0
2023-08-28,178.34314839003864,178.83829845949455,176.81809282485807,178.4421844482422,43820700,AAPL,0.7727239489555359,-0.2,15.0
2023-08-29,177.95692088146865,183.10647826164347,177.7588638881504,182.33404541015625,53003900,AAPL,0.7999149560928345,0.3333333333333333,12.0
2023-08-30,183.14609871926743,186.027875570887,182.9480417259573,185.82980346679688,60813900,AAPL,0.8641927565137545,0.2916666666666667,24.0
2023-08-31,186.0179606639307,187.28554353881967,185.6614520359444,186.04766845703125,60794500,AAPL,0.7997604358196259,0.28,25.0
2023-09-01,187.65196121049496,188.0777829772235,186.45369150574663,187.62225341796875,45766500,AAPL,0.7782382865746816,-0.1666666666666666,12.0
2023-09-05,186.4537151444815,188.13722241444697,185.79021584264493,187.8599395751953,45280000,AAPL,0.8571410273963754,-0.0454545454545454,22.0
2023-09-06,186.57252563325392,187.01817274977,179.70975345688714,181.1357879638672,81755800,AAPL,0.8536594733595848,-0.5,32.0
2023-09-07,173.48074295917408,176.48136579557718,171.85665159906446,175.83766174316406,112488800,AAPL,0.8822368339256004,-0.4259259259259259,54.0
2023-09-08,176.6200091931817,178.49167556913386,176.06542850593996,176.45164489746094,65551300,AAPL,0.8816279831031958,-0.25,48.0
2023-09-11,178.3233283895146,178.5510931586707,175.61979850768685,177.62020874023438,58953100,AAPL,0.786258297997552,-0.027027027027027,37.0
2023-09-12,177.7489488808384,178.38274026371693,173.12424978673155,174.5898895263672,90370200,AAPL,0.8397031625111898,-0.074074074074074,54.0
2023-09-13,174.7978655233742,175.58021106580875,172.29240747476095,172.5201873779297,84267900,AAPL,0.8351676905793803,0.1071428571428571,56.0
2023-09-14,172.31219668990042,174.39183269426235,171.89627251118375,174.0353240966797,60895800,AAPL,0.8433197777013521,0.0,37.0
2023-09-15,174.76811997366346,174.7879302024377,172.1339337562196,173.3123779296875,109259500,AAPL,0.8239976976599012,0.0476190476190476,21.0
2023-09-18,174.76814563074643,177.64002479353724,174.46115503817452,176.2436981201172,67257600,AAPL,0.8307271613316103,-0.2727272727272727,22.0
2023-09-19,175.79805509398693,177.8875886373594,175.41183870970377,177.33302307128906,51826900,AAPL,0.8193865449805009,0.2631578947368421,19.0
2023-09-20,177.52118590379774,177.95692035427507,173.69862701203755,173.7877655029297,58436200,AAPL,0.843842836526724,0.1153846153846153,26.0
2023-09-21,172.856870429388,174.5898954535224,172.17356100214752,172.2428741455078,63149100,AAPL,0.8672983164970691,-0.3076923076923077,26.0
2023-09-22,172.97571228348323,175.36233909077248,172.36173107244514,173.09454345703125,56725400,AAPL,0.8433479617039362,-0.2083333333333333,24.0
2023-09-25,172.51027081019092,175.2534062611611,172.46075278406465,174.37203979492188,46172700,AAPL,0.8110348502794902,0.1333333333333333,15.0
2023-09-26,173.12426626356617,173.50057001651604,169.99491440180657,170.29200744628906,64588900,AAPL,0.8610281124711037,-0.1875,32.0
2023-09-27,170.94559986493434,171.3615240971404,167.41023633579258,168.77684020996094,66921800,AAPL,0.8547182658623005,-0.2068965517241379,29.0
2023-09-28,167.69740591218968,170.36131544966938,165.99408862675534,169.03431701660156,56294400,AAPL,0.8491680188612505,-0.0454545454545454,22.0
2023-09-29,170.35142654777866,171.39124466953126,168.68771453081845,169.54928588867188,51861100,AAPL,0.8318374514579773,0.16,25.0
2023-10-02,169.55917827580257,172.6093042881744,169.2719827950215,172.06463623046875,52164500,AAPL,0.8768768035448514,0.0,26.0
2023-10-03,170.58908076573104,171.9458021063211,169.1630613901914,170.72772216796875,49594600,AAPL,0.9030820840880984,-0.1904761904761904,21.0
2023-10-04,169.43041623876405,172.52016238398562,169.3115850792172,171.97549438476562,53020300,AAPL,0.9003335237503052,-0.25,24.0
2023-10-05,172.1042477774046,173.74814957044222,171.00501406167223,173.21339416503906,48527900,AAPL,0.7981732958241513,0.0,19.0
2023-10-06,172.1141318832227,176.26349103240787,171.5001356476299,175.76834106445312,57266700,AAPL,0.7864611882429856,0.1538461538461538,13.0
2023-10-09,175.09495269037183,177.3132302836497,174.09475506108697,177.25381469726562,42390800,AAPL,0.8135604996766362,-0.0357142857142857,28.0
2023-10-10,176.37247229967042,177.97675379399942,176.22391820266617,176.65965270996094,43698000,AAPL,0.8107122972607612,-0.05,20.0
2023-10-11,176.4714527146694,178.10545674166264,175.8772817954906,178.05593872070312,47551100,AAPL,0.8425883921709928,0.1363636363636363,22.0
2023-10-12,178.3233313959954,180.57130155585352,177.30330847610173,178.95712280273438,56743100,AAPL,0.8210376271834741,0.4615384615384615,13.0
2023-10-13,179.6602521369707,180.16529977566205,176.41206884050376,177.1151885986328,51427100,AAPL,0.8136777997016906,-0.4,20.0
2023-10-16,175.0355274416581,177.34292828713865,174.79784999846223,176.98641967773438,52517000,AAPL,0.8648531213402748,-0.1666666666666666,24.0
2023-10-17,174.93649062028842,176.6893258679855,173.10444466932296,175.431640625,57549400,AAPL,0.9090465342297274,-0.3529411764705882,17.0
2023-10-18,173.87689630601963,175.85749653944856,173.4114540423014,174.13436889648438,54764400,AAPL,0.8632196949587928,0.1111111111111111,18.0
2023-10-19,174.33241738277906,176.11496052795673,173.4906713911534,173.758056640625,59302900,AAPL,0.8662562867005666,0.1111111111111111,27.0
2023-10-20,173.60951658974062,173.7184502104905,170.96541700693638,171.20309448242188,64244000,AAPL,0.8779137842357159,0.1875,16.0
2023-10-23,169.25217604772806,172.32209697076135,168.28167117128655,171.3218994140625,55980100,AAPL,0.8200764932802745,0.1071428571428571,28.0
2023-10-24,171.3714282347356,171.98540943587548,169.78694209599936,171.7576446533203,43816600,AAPL,0.8378931076630302,0.1304347826086956,23.0
2023-10-25,170.21277093543313,171.38131769667615,168.99469104064443,169.44033813476562,57157000,AAPL,0.8584268093109131,0.03125,32.0
2023-10-26,168.71741923518283,169.71763198356828,164.06301189675906,165.27117919921875,70625300,AAPL,0.851961476802826,-0.12,25.0
2023-10-27,165.2909663344403,167.321084230187,165.21174052607998,166.5882568359375,58499100,AAPL,0.8656440783630718,0.1363636363636363,22.0
2023-10-30,167.38051344932887,169.5096524459554,167.23195938000526,168.63818359375,51131000,AAPL,0.8838893479771084,0.3333333333333333,45.0
2023-10-31,167.70730128574397,169.24225410780494,166.27135428067592,169.113525390625,44846000,AAPL,0.8675386935472489,0.2,20.0
2023-11-01,169.34132385628374,172.53998907588377,168.46985489806465,172.2825164794922,56934900,AAPL,0.8312209586302439,0.3333333333333333,30.0
2023-11-02,173.81746191423957,176.05553449603235,173.7580463313888,175.8475799560547,77334800,AAPL,0.8545255758041559,0.2325581395348837,43.0
2023-11-03,172.5498813500308,175.10485722122257,171.66851493448934,174.93649291992188,79829200,AAPL,0.8682297415593091,-0.2941176470588235,34.0
2023-11-06,174.66913933099835,177.68954259678722,174.50079012453784,177.49148559570312,63841300,AAPL,0.8739676425854365,0.0416666666666666,24.0
2023-11-07,177.4419442386158,180.6703318638797,177.23398970359145,180.0563507080078,70530000,AAPL,0.8478882734974226,0.2083333333333333,24.0
2023-11-08,180.5812114444328,181.6705323803792,179.8285737718667,181.115966796875,49340300,AAPL,0.8458475321531296,0.0416666666666666,24.0
2023-11-09,181.18530832204868,182.3340449245472,180.04645416963675,180.64064025878903,53763500,AAPL,0.8817879816760188,0.0,23.0
2023-11-10,182.4255213215233,185.00369964258533,181.989212824357,184.83511352539065,66133400,AAPL,0.8475539442151785,0.1875,16.0
2023-11-13,184.2600067821776,184.46823531200093,182.6635224872164,183.24856567382807,43627500,AAPL,0.8960282739840055,0.0526315789473684,19.0
2023-11-14,186.1242211071054,186.5307827134021,184.7359804157126,185.8664093017578,60108400,AAPL,0.8549774163044416,0.0384615384615384,26.0
2023-11-15,186.2729343495984,187.9090759241039,186.20351476330887,186.4315795898437,53790500,AAPL,0.8011473715305328,-0.1578947368421052,19.0
2023-11-16,187.9785160308428,189.35684600106327,187.0662263637428,188.11734008789065,54412900,AAPL,0.7911124388376872,-0.2,15.0
2023-11-17,188.65281519385715,188.78172866103995,186.98692637498087,188.09751892089844,50922700,AAPL,0.804165252049764,0.2666666666666666,15.0
2023-11-20,188.2958266614519,190.29887250675844,188.2859160609316,189.8427276611328,46505100,AAPL,0.8827833592891693,-0.1,10.0
2023-11-21,189.8030754431615,189.9121525746901,188.1470972686361,189.0395355224609,38134500,AAPL,0.7919041961431503,0.25,12.0
2023-11-22,189.88241519518988,191.31031344701395,189.2279523730899,189.70391845703125,39617700,AAPL,0.8545066828911121,0.0,13.0
2023-11-24,189.26759079649733,189.2973377280717,187.66119596873028,188.37515258789065,24048300,AAPL,0.7900949681506437,0.1764705882352941,17.0
2023-11-27,188.3255687303111,189.0692722786972,187.31412766791345,188.1966552734375,40552600,AAPL,0.8119031091531118,0.25,12.0
2023-11-28,188.1867388581487,189.4758279949889,187.8099242301234,188.8015289306641,38415400,AAPL,0.8329779734978309,0.0769230769230769,13.0
2023-11-29,189.2973512852548,190.47736342450784,187.3835612736981,187.7801971435547,43014200,AAPL,0.8747927457094192,0.2,20.0
2023-11-30,188.24625428611483,188.7222354910008,186.61011239504936,188.35533142089844,48794400,AAPL,0.7563749899466833,0.25,12.0
2023-12-01,188.7321574179856,189.95182717598524,187.6413860046919,189.634521484375,45704800,AAPL,0.8413203299045563,0.25,20.0
2023-12-04,188.3850615285252,188.45448112204545,185.87630278327032,187.8396759033203,43389500,AAPL,0.8632021260758241,-0.1666666666666666,24.0
2023-12-05,188.61314558971708,192.7679567699872,188.5833835270736,191.7961883544922,66628400,AAPL,0.8676565154032274,-0.0909090909090909,22.0
2023-12-06,192.8175522925244,193.12494736273675,190.4972006683192,190.7054443359375,41089700,AAPL,0.8543355166912079,0.1,20.0
2023-12-07,192.0044269286476,193.3629205543118,191.96475426663108,192.63905334472656,47477700,AAPL,0.8386862591693276,0.2105263157894736,19.0
2023-12-08,192.56963798027985,194.3446189426589,192.04408867717456,194.0669708251953,53406400,AAPL,0.8166549056768417,-0.0833333333333333,12.0
2023-12-11,191.48877730415995,191.8655919183663,189.8129630007935,191.5581817626953,60943700,AAPL,0.8628768134448264,0.0555555555555555,36.0
2023-12-12,191.45905774250065,193.08528901898003,190.1104746012234,193.07537841796875,52696900,AAPL,0.8434906569687096,0.2432432432432432,37.0
2023-12-13,193.4521495219808,196.33772271445184,193.21417408717824,196.29806518554688,70404200,AAPL,0.8045266649939797,0.2272727272727272,22.0
2023-12-14,196.3575823214872,197.9441408874326,194.5131968296932,196.4468231201172,66831600,AAPL,0.8517257094383239,0.2,10.0
2023-12-15,195.8716737746469,196.734365015635,195.3461244978741,195.91134643554688,128538400,AAPL,0.8780342936515808,0.4,5.0
2023-03-09,93.68000030517578,96.20999908447266,92.18000030517578,92.25,56218700,AMZN,0.8523742321290468,-0.1578947368421052,19.0
2023-03-10,92.66999816894533,93.56999969482422,90.25,90.7300033569336,69827500,AMZN,0.8265567943453789,0.0,8.0
2023-03-13,89.97000122070312,94.0199966430664,88.12000274658203,92.43000030517578,72397100,AMZN,0.8164727933266583,0.1764705882352941,17.0
2023-03-14,93.83000183105467,95.06999969482422,92.70999908447266,94.87999725341795,60912700,AMZN,0.8050486412313249,-0.0555555555555555,18.0
2023-03-15,93.22000122070312,96.66999816894533,93.06999969482422,96.1999969482422,70731800,AMZN,0.8595947298136625,0.1818181818181818,11.0
2023-03-16,95.75,100.98999786376952,95.61000061035156,100.04000091552734,84446900,AMZN,0.8176091114679972,-0.2666666666666666,15.0
2023-03-17,99.79000091552734,100.66000366210938,97.45999908447266,98.9499969482422,87300200,AMZN,0.8499029465019703,0.25,16.0
2023-03-20,98.41000366210938,98.4800033569336,95.6999969482422,97.70999908447266,62388900,AMZN,0.8790180285771688,-0.4761904761904761,21.0
2023-03-21,98.13999938964844,100.8499984741211,98.0,100.61000061035156,58597300,AMZN,0.760547636076808,0.125,16.0
2023-03-22,100.4499969482422,102.0999984741211,98.61000061035156,98.6999969482422,57475400,AMZN,0.8072190254926681,0.0,20.0
2023-03-23,100.43000030517578,101.05999755859376,97.62000274658205,98.70999908447266,57559300,AMZN,0.8473487988762234,0.217391304347826,23.0
2023-03-24,98.06999969482422,98.3000030517578,96.4000015258789,98.12999725341795,56095400,AMZN,0.8454102140206557,0.2307692307692307,13.0
2023-03-27,99.06999969482422,99.33999633789062,97.08000183105467,98.04000091552734,46721300,AMZN,0.8755865171551704,-0.5,12.0
2023-03-28,98.11000061035156,98.44000244140624,96.29000091552734,97.23999786376952,38720100,AMZN,0.8922594951258765,0.2777777777777778,18.0
2023-03-29,98.69000244140624,100.41999816894533,98.55999755859376,100.25,49783300,AMZN,0.8360988630188836,-0.0555555555555555,18.0
2023-03-30,101.5500030517578,103.04000091552734,101.01000213623048,102.0,53633400,AMZN,0.880514052606398,-0.032258064516129,31.0
2023-03-31,102.16000366210938,103.48999786376952,101.9499969482422,103.29000091552734,56750300,AMZN,0.8608109865869794,-0.1428571428571428,14.0
2023-04-03,102.3000030517578,103.29000091552734,101.43000030517578,102.41000366210938,41135700,AMZN,0.8215118646621704,-0.3684210526315789,19.0
2023-04-04,102.75,104.1999969482422,102.11000061035156,103.9499969482422,48662500,AMZN,0.7776721257429856,0.0,13.0
2023-04-05,103.91000366210938,103.91000366210938,100.75,101.0999984741211,45175400,AMZN,0.7999978193214962,-0.2142857142857142,28.0
2023-04-06,100.75,102.37999725341795,99.8000030517578,102.05999755859376,43808000,AMZN,0.8411152205969158,0.2631578947368421,19.0
2023-04-10,100.95999908447266,102.1999969482422,99.56999969482422,102.16999816894533,37261200,AMZN,0.8476131003011357,-0.1363636363636363,22.0
2023-04-11,100.8000030517578,101.0,99.01000213623048,99.91999816894533,60417800,AMZN,0.8580145604080625,0.0,18.0
2023-04-12,100.4000015258789,100.51000213623048,97.70999908447266,97.83000183105467,56735000,AMZN,0.7978278649480719,0.0526315789473684,19.0
2023-04-13,98.9499969482422,102.56999969482422,98.70999908447266,102.4000015258789,67925100,AMZN,0.8228473849594593,0.28125,32.0
2023-04-14,102.06999969482422,103.1999969482422,101.11000061035156,102.51000213623048,51450500,AMZN,0.8979417860507966,-0.1,10.0
2023-04-17,103.16000366210938,103.7300033569336,101.58999633789062,102.73999786376952,39919500,AMZN,0.8343821622076488,0.1428571428571428,21.0
2023-04-18,103.9499969482422,104.1999969482422,101.5199966430664,102.3000030517578,39790500,AMZN,0.8219560384750366,-0.1666666666666666,18.0
2023-04-19,101.58000183105467,105.12000274658205,101.38999938964844,104.3000030517578,58398900,AMZN,0.8783746622502804,-0.1875,16.0
2023-04-20,103.52999877929688,105.25,103.20999908447266,103.80999755859376,57696900,AMZN,0.837838575953529,0.1904761904761904,21.0
2023-04-21,106.0999984741211,108.1500015258789,105.08000183105467,106.95999908447266,86774200,AMZN,0.8183044312255723,0.1428571428571428,28.0
2023-04-24,107.66000366210938,109.2300033569336,105.06999969482422,106.20999908447266,69575600,AMZN,0.8608322697026389,-0.3571428571428571,42.0
2023-04-25,104.91000366210938,105.4499969482422,102.4499969482422,102.56999969482422,65026800,AMZN,0.8720291966483706,0.0952380952380952,21.0
2023-04-26,105.04000091552734,106.62000274658205,104.0999984741211,104.9800033569336,73803800,AMZN,0.8714218262363883,0.1176470588235294,34.0
2023-04-27,108.16000366210938,110.86000061035156,106.8000030517578,109.81999969482422,149961200,AMZN,0.8824339764458793,0.4285714285714285,42.0
2023-04-28,107.7300033569336,109.4800033569336,104.33000183105467,105.4499969482422,130715900,AMZN,0.7933608688738035,-0.4347826086956521,46.0
2023-05-01,104.9499969482422,105.2300033569336,101.81999969482422,102.0500030517578,74728100,AMZN,0.8509592413902283,-0.0526315789473684,19.0
2023-05-02,101.47000122070312,103.9000015258789,101.1500015258789,103.62999725341795,73469400,AMZN,0.8488523761431376,0.1333333333333333,15.0
2023-05-03,103.73999786376952,105.95999908447266,103.27999877929688,103.6500015258789,65051900,AMZN,0.8011003459493319,0.0833333333333333,24.0
2023-05-04,104.04000091552734,105.38999938964844,103.30999755859376,104.0,45345500,AMZN,0.8616172841617039,0.0952380952380952,21.0
2023-05-05,104.2699966430664,105.76000213623048,103.5500030517578,105.66000366210938,56951700,AMZN,0.8013424972693125,0.1428571428571428,21.0
2023-05-08,105.04000091552734,106.0999984741211,104.6999969482422,105.83000183105467,49430900,AMZN,0.8697438606849084,0.2307692307692307,13.0
2023-05-09,105.4800033569336,106.79000091552734,105.16000366210938,106.62000274658205,44089400,AMZN,0.847968190908432,-0.3636363636363636,11.0
2023-05-10,108.0999984741211,110.66999816894533,108.0500030517578,110.19000244140624,78627600,AMZN,0.8006616647426898,0.2307692307692307,13.0
2023-05-11,111.02999877929688,113.27999877929688,110.48999786376952,112.18000030517578,74924800,AMZN,0.8589424959250859,0.2857142857142857,14.0
2023-05-12,112.16000366210938,112.63999938964844,109.31999969482422,110.26000213623048,49852700,AMZN,0.8908822361160728,-0.1176470588235294,17.0
2023-05-15,111.1500015258789,112.29000091552734,109.25,111.1999969482422,53011100,AMZN,0.8402140364050865,0.375,16.0
2023-05-16,111.0500030517578,114.79000091552734,111.0500030517578,113.4000015258789,71472900,AMZN,0.8512159356704125,-0.0769230769230769,13.0
2023-05-17,114.88999938964844,115.83000183105467,114.22000122070312,115.5,65655200,AMZN,0.7688187991197293,0.1538461538461538,26.0
2023-05-18,116.69000244140624,118.5999984741211,116.33999633789062,118.1500015258789,73174100,AMZN,0.8590941769736153,0.238095238095238,21.0
2023-05-19,118.16000366210938,118.30999755859376,115.6999969482422,116.25,55056300,AMZN,0.8453197677930196,0.125,24.0
2023-05-22,116.7699966430664,116.7699966430664,114.25,115.01000213623048,70741100,AMZN,0.8050817034461282,0.2727272727272727,22.0
2023-05-23,114.2699966430664,117.13999938964844,113.77999877929688,114.98999786376952,67576300,AMZN,0.8423865470621321,0.1111111111111111,18.0
2023-05-24,115.3499984741211,117.33999633789062,115.0199966430664,116.75,63487900,AMZN,0.8376555189490318,-0.1,20.0
2023-05-25,116.62999725341795,116.87000274658205,114.30999755859376,115.0,66496700,AMZN,0.8645503520965576,0.0952380952380952,21.0
2023-05-26,116.04000091552734,121.5,116.0199966430664,120.11000061035156,96779900,AMZN,0.8678277969360352,0.2,15.0
2023-05-30,122.37000274658205,122.91999816894533,119.86000061035156,121.66000366210938,64314800,AMZN,0.8602429698495304,0.2352941176470588,17.0
2023-05-31,121.4499969482422,122.04000091552734,119.16999816894533,120.58000183105467,72800800,AMZN,0.8693234437987918,0.0952380952380952,21.0
2023-06-01,120.69000244140624,123.48999786376952,119.93000030517578,122.7699966430664,54375100,AMZN,0.8383997328903364,0.217391304347826,23.0
2023-06-02,124.91999816894533,126.38999938964844,124.0199966430664,124.25,61264400,AMZN,0.8258608525449579,0.2121212121212121,33.0
2023-06-05,123.36000061035156,125.8000030517578,123.02999877929688,125.3000030517578,47950100,AMZN,0.8377598077058792,0.125,16.0
2023-06-06,125.06999969482422,127.4000015258789,125.0,126.61000061035156,45695200,AMZN,0.8179377714792887,0.3333333333333333,18.0
2023-06-07,127.01000213623048,127.37000274658205,120.62999725341795,121.2300033569336,95663300,AMZN,0.8627983145415783,0.1875,16.0
2023-06-08,123.01000213623048,125.62999725341795,122.26000213623048,124.25,62159300,AMZN,0.819470291691167,0.1785714285714285,28.0
2023-06-09,124.08000183105467,125.8000030517578,123.19000244140624,123.43000030517578,51396000,AMZN,0.8424461512338548,0.0952380952380952,21.0
2023-06-12,124.0199966430664,126.77999877929688,123.52999877929688,126.56999969482422,51338000,AMZN,0.8827823319218375,0.4090909090909091,22.0
2023-06-13,128.1199951171875,128.41000366210938,125.18000030517578,126.66000366210938,50564800,AMZN,0.8406149676212897,0.3461538461538461,26.0
2023-06-14,126.6999969482422,126.9499969482422,124.12000274658205,126.41999816894533,52422500,AMZN,0.7870611371817412,0.1111111111111111,27.0
2023-06-15,125.20999908447266,127.69000244140624,124.31999969482422,127.11000061035156,60458500,AMZN,0.8176321914562812,0.0,26.0
2023-06-16,127.70999908447266,127.9000015258789,125.3000030517578,125.48999786376952,84247100,AMZN,0.8178053653758505,0.3043478260869565,23.0
2023-06-20,124.97000122070312,127.25,124.5,125.77999877929688,56930100,AMZN,0.8225294665286416,0.4210526315789473,19.0
2023-06-21,125.63999938964844,126.7300033569336,123.8499984741211,124.83000183105467,52137700,AMZN,0.738080749909083,0.0555555555555555,18.0
2023-06-22,125.30999755859376,130.3300018310547,125.13999938964844,130.14999389648438,90354600,AMZN,0.8174159584506866,0.064516129032258,31.0
2023-06-23,129.11000061035156,130.83999633789062,128.27999877929688,129.3300018310547,71927800,AMZN,0.8101485897512997,-0.2352941176470588,17.0
2023-06-26,129.3300018310547,131.49000549316406,127.0999984741211,127.33000183105467,59989300,AMZN,0.8087579533457756,0.1875,16.0
2023-06-27,128.6300048828125,130.08999633789062,127.5500030517578,129.17999267578125,46801000,AMZN,0.8841208055101591,0.3793103448275862,29.0
2023-06-28,128.94000244140625,131.47999572753906,128.44000244140625,129.0399932861328,52149500,AMZN,0.7866458864439101,0.0952380952380952,21.0
2023-06-29,128.77000427246094,129.25999450683594,127.26000213623048,127.9000015258789,40761000,AMZN,0.787244513630867,0.2727272727272727,22.0
2023-06-30,129.47000122070312,131.25,128.9499969482422,130.36000061035156,54350700,AMZN,0.8508921511033002,0.5294117647058824,17.0
2023-07-03,130.82000732421875,131.85000610351562,130.07000732421875,130.22000122070312,28264800,AMZN,0.8698423782984416,0.2,15.0
2023-07-05,130.24000549316406,131.39999389648438,129.63999938964844,130.3800048828125,35895400,AMZN,0.8632288122177124,0.32,25.0
2023-07-06,128.25,128.72999572753906,127.37000274658205,128.36000061035156,40639900,AMZN,0.8345128728283776,0.1111111111111111,18.0
2023-07-07,128.58999633789062,130.97000122070312,128.1300048828125,129.77999877929688,41992300,AMZN,0.8359670393607196,0.2352941176470588,17.0
2023-07-10,129.07000732421875,129.27999877929688,125.91999816894533,127.12999725341795,61889300,AMZN,0.8213579522238837,0.2777777777777778,18.0
2023-07-11,127.75,129.77000427246094,127.3499984741211,128.77999877929688,49951500,AMZN,0.8567416159545674,0.3235294117647059,34.0
2023-07-12,130.30999755859375,131.25999450683594,128.8300018310547,130.8000030517578,54022800,AMZN,0.7711204178631306,0.125,32.0
2023-07-13,134.0399932861328,134.6699981689453,132.7100067138672,134.3000030517578,61170900,AMZN,0.8237958685918287,0.1818181818181818,22.0
2023-07-14,134.05999755859375,136.64999389648438,134.05999755859375,134.67999267578125,54487100,AMZN,0.8265875819183531,0.238095238095238,21.0
2023-07-17,134.55999755859375,135.6199951171875,133.2100067138672,133.55999755859375,48450200,AMZN,0.7660868872295726,0.2272727272727272,22.0
2023-07-18,132.7100067138672,133.86000061035156,131.35000610351562,132.8300018310547,54882900,AMZN,0.8551254123449326,0.25,28.0
2023-07-19,133.38999938964844,135.99000549316406,132.52999877929688,135.36000061035156,54531000,AMZN,0.8278082552410307,-0.1428571428571428,21.0
2023-07-20,134.07000732421875,134.7899932861328,129.3300018310547,129.9600067138672,59820600,AMZN,0.7628205100695292,0.2,15.0
2023-07-21,131.33999633789062,131.3699951171875,128.4199981689453,130.0,133307300,AMZN,0.827124360203743,0.35,20.0
2023-07-24,130.30999755859375,131.66000366210938,128.35000610351562,128.8000030517578,45591100,AMZN,0.800343238390409,0.3076923076923077,26.0
2023-07-25,129.30999755859375,129.5800018310547,128.52999877929688,129.1300048828125,39236700,AMZN,0.7961735585156609,0.3529411764705882,17.0
2023-07-26,126.51000213623048,129.0800018310547,126.11000061035156,128.14999389648438,53910100,AMZN,0.822383652715122,-0.2058823529411764,34.0
2023-07-27,131.0,132.6300048828125,127.79000091552734,128.25,52610700,AMZN,0.7985499889954276,0.0,23.0
2023-07-28,129.69000244140625,133.00999450683594,129.3300018310547,132.2100067138672,46317400,AMZN,0.8366058577190746,-0.0909090909090909,22.0
2023-07-31,133.1999969482422,133.8699951171875,132.3800048828125,133.67999267578125,41901500,AMZN,0.8610449617399889,0.4411764705882353,34.0
2023-08-01,133.5500030517578,133.69000244140625,131.6199951171875,131.69000244140625,42098500,AMZN,0.8671473747208005,0.0952380952380952,21.0
2023-08-02,130.14999389648438,130.22999572753906,126.81999969482422,128.2100067138672,51027600,AMZN,0.8764961063861847,0.05,20.0
2023-08-03,127.4800033569336,129.83999633789062,126.41000366210938,128.91000366210938,88585200,AMZN,0.8491954919768543,-0.048780487804878,41.0
2023-08-04,141.05999755859375,143.6300048828125,139.32000732421875,139.57000732421875,153128500,AMZN,0.8726196827796789,0.2115384615384615,52.0
2023-08-07,140.99000549316406,142.5399932861328,138.9499969482422,142.22000122070312,71213100,AMZN,0.8678012775338214,0.2608695652173913,23.0
2023-08-08,140.6199951171875,140.83999633789062,138.4199981689453,139.94000244140625,51710500,AMZN,0.8857283282279969,0.2,25.0
2023-08-09,139.97000122070312,140.32000732421875,137.10000610351562,137.85000610351562,50017300,AMZN,0.8829427724299224,0.0,23.0
2023-08-10,139.07000732421875,140.41000366210938,137.49000549316406,138.55999755859375,58928400,AMZN,0.8327936274664742,0.1428571428571428,35.0
2023-08-11,137.39999389648438,139.3300018310547,137.0,138.41000366210938,42905800,AMZN,0.8557022895131793,0.1428571428571428,14.0
2023-08-14,138.3000030517578,140.58999633789062,137.75,140.57000732421875,47148700,AMZN,0.8566018409199185,0.3888888888888889,18.0
2023-08-15,140.0500030517578,141.27999877929688,137.22999572753906,137.6699981689453,42781500,AMZN,0.8752758347469828,0.0434782608695652,23.0
2023-08-16,137.19000244140625,137.27000427246094,135.00999450683594,135.07000732421875,41675900,AMZN,0.8241790575640542,0.238095238095238,21.0
2023-08-17,135.4600067138672,136.08999633789062,133.52999877929688,133.97999572753906,48354100,AMZN,0.8442865921103436,-0.1739130434782608,23.0
2023-08-18,131.6199951171875,134.07000732421875,131.14999389648438,133.22000122070312,48497700,AMZN,0.8839596084186009,-0.4285714285714285,21.0
2023-08-21,133.74000549316406,135.19000244140625,132.7100067138672,134.67999267578125,41442500,AMZN,0.8343725092709064,-0.0625,16.0
2023-08-22,135.0800018310547,135.64999389648438,133.72999572753906,134.25,32905400,AMZN,0.8129117965698243,0.2,15.0
2023-08-23,134.5,135.9499969482422,133.22000122070312,135.52000427246094,42801000,AMZN,0.8389876966293042,0.3076923076923077,26.0
2023-08-24,136.39999389648438,136.77999877929688,131.8300018310547,131.83999633789062,43646300,AMZN,0.8508702087402343,0.36,25.0
2023-08-25,132.47000122070312,133.8699951171875,130.5800018310547,133.25999450683594,44147500,AMZN,0.8572946707407634,0.1333333333333333,15.0
2023-08-28,133.77999877929688,133.9499969482422,131.85000610351562,133.13999938964844,34108400,AMZN,0.8447144808976547,0.3043478260869565,23.0
2023-08-29,133.3800048828125,135.13999938964844,133.25,134.91000366210938,38646100,AMZN,0.8370686258588519,0.1428571428571428,14.0
2023-08-30,134.92999267578125,135.67999267578125,133.9199981689453,135.07000732421875,36137000,AMZN,0.8353479765355587,0.1875,16.0
2023-08-31,135.05999755859375,138.7899932861328,135.0,138.00999450683594,58781300,AMZN,0.8763288214351191,0.3636363636363636,33.0
2023-09-01,139.4600067138672,139.9600067138672,136.8800048828125,138.1199951171875,40991500,AMZN,0.8123227588155053,0.2272727272727272,22.0
2023-09-05,137.72999572753906,137.8000030517578,135.82000732421875,137.27000427246094,40636700,AMZN,0.7832344128535345,0.1538461538461538,13.0
2023-09-06,136.32000732421875,137.4499969482422,134.61000061035156,135.36000061035156,41785500,AMZN,0.8897657692432404,-0.2142857142857142,14.0
2023-09-07,133.89999389648438,138.02999877929688,133.16000366210938,137.85000610351562,48498900,AMZN,0.8390134193680503,0.0909090909090909,11.0
2023-09-08,136.86000061035156,138.85000610351562,136.75,138.22999572753906,38348200,AMZN,0.860652306675911,-0.05,20.0
2023-09-11,138.75,143.6199951171875,138.63999938964844,143.10000610351562,56764500,AMZN,0.793151947359244,0.4583333333333333,24.0
2023-09-12,142.32000732421875,143.0,140.61000061035156,141.22999572753906,42668500,AMZN,0.8383785941534572,-0.0555555555555555,36.0
2023-09-13,140.9499969482422,144.97999572753906,140.8699951171875,144.85000610351562,60465200,AMZN,0.8043743300437928,0.36,25.0
2023-09-14,145.0800018310547,145.86000061035156,142.9499969482422,144.72000122070312,64033600,AMZN,0.8381211459636688,0.4,20.0
2023-09-15,142.69000244140625,143.57000732421875,140.08999633789062,140.38999938964844,102909300,AMZN,0.8233809495965639,-0.0416666666666666,24.0
2023-09-18,140.47999572753906,141.75,139.22000122070312,139.97999572753906,42823500,AMZN,0.8388007595425561,0.1904761904761904,21.0
2023-09-19,138.6999969482422,138.83999633789062,135.55999755859375,137.6300048828125,61482500,AMZN,0.8196583965729023,0.1724137931034483,29.0
2023-09-20,138.5500030517578,139.3699951171875,135.1999969482422,135.2899932861328,46263700,AMZN,0.839563544149752,0.1481481481481481,27.0
2023-09-21,131.94000244140625,132.24000549316406,129.30999755859375,129.3300018310547,70343300,AMZN,0.8857198743259206,-0.1470588235294117,34.0
2023-09-22,131.11000061035156,132.02999877929688,128.52000427246094,129.1199951171875,59904300,AMZN,0.836133340994517,0.2592592592592592,27.0
2023-09-25,129.36000061035156,131.77999877929688,128.77000427246094,131.27000427246094,46017800,AMZN,0.833663153151671,0.4166666666666667,36.0
2023-09-26,130.1199951171875,130.38999938964844,125.27999877929688,125.9800033569336,73048200,AMZN,0.8846757475365984,-0.0851063829787234,47.0
2023-09-27,125.76000213623048,127.4800033569336,124.12999725341795,125.9800033569336,66553400,AMZN,0.8163260119301933,0.1428571428571428,35.0
2023-09-28,124.04000091552734,126.58000183105467,123.04000091552734,125.9800033569336,54555000,AMZN,0.8671000645710871,0.1923076923076923,26.0
2023-09-29,128.1999969482422,129.14999389648438,126.31999969482422,127.12000274658205,62411700,AMZN,0.8153805241391465,-0.027027027027027,37.0
2023-10-02,127.27999877929688,130.47000122070312,126.54000091552734,129.4600067138672,48029700,AMZN,0.8520197082649578,0.2272727272727272,22.0
2023-10-03,128.05999755859375,128.52000427246094,124.25,124.72000122070312,51565000,AMZN,0.8829215861135914,-0.1290322580645161,31.0
2023-10-04,126.05999755859376,127.36000061035156,125.68000030517578,127.0,44203900,AMZN,0.8767113995552063,0.12,25.0
2023-10-05,126.70999908447266,126.7300033569336,124.33000183105467,125.95999908447266,39660600,AMZN,0.8163814390147174,-0.074074074074074,27.0
2023-10-06,124.16000366210938,128.4499969482422,124.12999725341795,127.95999908447266,46836700,AMZN,0.830554203192393,0.4,15.0
2023-10-09,126.22000122070312,128.7899932861328,124.76000213623048,128.25999450683594,38773700,AMZN,0.8293428854508833,-0.1363636363636363,22.0
2023-10-10,128.82000732421875,130.74000549316406,128.0500030517578,129.47999572753906,42178600,AMZN,0.8223316222429276,0.1785714285714285,28.0
2023-10-11,129.74000549316406,132.0500030517578,129.61000061035156,131.8300018310547,40741800,AMZN,0.8261302411556244,0.3043478260869565,23.0
2023-10-12,132.1699981689453,134.47999572753906,131.22999572753906,132.3300018310547,55528600,AMZN,0.8240347589765277,0.4285714285714285,14.0
2023-10-13,132.97999572753906,133.30999755859375,128.9499969482422,129.7899932861328,45786600,AMZN,0.7772851242468908,0.2307692307692307,26.0
2023-10-16,130.69000244140625,133.07000732421875,130.42999267578125,132.5500030517578,42832900,AMZN,0.8547478968446905,0.1818181818181818,11.0
2023-10-17,130.38999938964844,132.5800018310547,128.7100067138672,131.47000122070312,49344600,AMZN,0.8642538218271165,0.1904761904761904,21.0
2023-10-19,130.57000732421875,132.24000549316406,127.47000122070312,128.39999389648438,60961400,AMZN,0.7803971724850791,0.0,7.0
2023-10-24,127.73999786376952,128.8000030517578,126.33999633789062,128.55999755859375,46477400,AMZN,0.8681143195856185,0.4285714285714285,21.0
2023-10-26,120.62999725341795,121.63999938964844,118.3499984741211,119.56999969482422,100419500,AMZN,0.9170921519398688,-0.0625,16.0
2023-10-27,126.1999969482422,130.02000427246094,125.5199966430664,127.73999786376952,125309300,AMZN,0.889711843087123,0.7692307692307693,26.0
2023-10-30,129.72000122070312,133.0,128.55999755859375,132.7100067138672,72485500,AMZN,0.8392974915249007,0.3928571428571428,28.0
2023-10-31,132.75,133.57000732421875,131.7100067138672,133.08999633789062,51589400,AMZN,0.8719172477722168,0.1428571428571428,14.0
2023-11-01,133.9600067138672,137.35000610351562,133.7100067138672,137.0,61529400,AMZN,0.8434915542602539,0.4285714285714285,7.0
2023-11-02,138.72999572753906,138.80999755859375,136.47000122070312,138.07000732421875,52236700,AMZN,0.815596844468798,0.2142857142857142,14.0
2023-11-03,138.99000549316406,139.49000549316406,137.4499969482422,138.60000610351562,44059800,AMZN,0.7809449349130902,0.3571428571428571,14.0
2023-11-06,138.75999450683594,140.72999572753906,138.36000061035156,139.74000549316406,44970400,AMZN,0.8706347465515136,0.4,5.0
2023-11-07,140.5500030517578,143.3699951171875,140.5,142.7100067138672,53553500,AMZN,0.70709188580513,0.0,5.0
2023-11-08,142.97000122070312,143.1199951171875,141.22000122070312,142.0800018310547,44521700,AMZN,0.903840164343516,-0.3333333333333333,3.0
2023-11-09,142.02000427246094,142.64999389648438,139.83999633789062,140.60000610351562,36235400,AMZN,0.8422961155573527,0.1333333333333333,15.0
2023-11-10,140.4600067138672,143.64999389648438,139.91000366210938,143.55999755859375,49287800,AMZN,0.8403755199341547,0.4285714285714285,21.0
2023-11-13,142.0800018310547,143.22999572753906,140.6699981689453,142.58999633789062,35680600,AMZN,0.8652769982814789,0.15,20.0
2023-11-14,145.0,147.25999450683594,144.67999267578125,145.8000030517578,56674600,AMZN,0.8399802302160571,0.4193548387096774,31.0
2023-11-15,147.05999755859375,147.2899932861328,142.58999633789062,143.1999969482422,63875700,AMZN,0.8141841379304727,-0.0833333333333333,24.0
2023-11-16,140.91000366210938,143.32000732421875,139.52000427246094,142.8300018310547,49653500,AMZN,0.8511499812205633,0.2083333333333333,24.0
2023-11-17,142.66000366210938,145.22999572753906,142.5399932861328,145.17999267578125,49636700,AMZN,0.8314170142014822,0.4,30.0
2023-11-20,145.1300048828125,146.6300048828125,144.72999572753906,146.1300048828125,41951200,AMZN,0.8630905270576477,0.25,20.0
2023-11-21,143.91000366210938,144.0500030517578,141.5,143.89999389648438,71226000,AMZN,0.8284299033028739,0.4285714285714285,21.0
2023-11-22,144.57000732421875,147.74000549316406,144.57000732421875,146.7100067138672,45669100,AMZN,0.8466042144732042,0.4545454545454545,22.0
2023-11-24,146.6999969482422,147.1999969482422,145.32000732421875,146.74000549316406,22378400,AMZN,0.7522511378578518,0.0434782608695652,23.0
2023-11-27,147.52999877929688,149.25999450683594,146.8800048828125,147.72999572753906,53762400,AMZN,0.8081578470411754,0.238095238095238,42.0
2023-11-28,146.97999572753906,147.60000610351562,145.52999877929688,147.02999877929688,42711700,AMZN,0.8485423290368282,0.2121212121212121,33.0
2023-11-29,147.85000610351562,148.5399932861328,145.97000122070312,146.32000732421875,40610900,AMZN,0.869391469728379,0.4285714285714285,21.0
2023-11-30,144.75999450683594,146.92999267578125,144.3300018310547,146.08999633789062,65814000,AMZN,0.8030459238932683,0.4230769230769231,26.0
2023-12-01,146.0,147.25,145.5500030517578,147.02999877929688,39951800,AMZN,0.8127388315541404,0.25,28.0
2023-12-04,145.25,145.35000610351562,142.80999755859375,144.83999633789062,48294200,AMZN,0.8646593406086877,-0.0476190476190476,21.0
2023-12-05,143.5500030517578,148.57000732421875,143.1300048828125,146.8800048828125,46822400,AMZN,0.8924016188830137,-0.03125,32.0
2023-12-06,147.5800018310547,147.85000610351562,144.27999877929688,144.52000427246094,39679000,AMZN,0.8479783845984418,0.0434782608695652,23.0
2023-12-07,146.14999389648438,147.9199981689453,145.33999633789062,146.8800048828125,52352800,AMZN,0.8755091884556938,0.4705882352941176,17.0
2023-12-08,145.47999572753906,147.83999633789062,145.39999389648438,147.4199981689453,41906000,AMZN,0.7774278176458258,-0.1578947368421052,19.0
2023-12-11,145.66000366210938,146.19000244140625,143.63999938964844,145.88999938964844,50907300,AMZN,0.8607576775054137,0.0,48.0
2023-12-12,145.52000427246094,147.5,145.3000030517578,147.47999572753906,44944300,AMZN,0.8063730860457701,0.0294117647058823,34.0
2023-12-13,148.1199951171875,149.4600067138672,146.82000732421875,148.83999633789062,52766200,AMZN,0.8383615348074172,0.1851851851851851,27.0
2023-12-14,149.92999267578125,150.5399932861328,145.52000427246094,147.4199981689453,58400800,AMZN,0.796156278678349,0.1428571428571428,7.0
2023-12-15,148.3800048828125,150.57000732421875,147.8800048828125,149.97000122070312,110089300,AMZN,0.8511189870212389,0.1739130434782608,23.0
